Pressure,Temperature,Flow Rate,Vibration,Leak Status
52.483570765056164,34.198066309758005,93.24821725025619,3.092192442122609,0.0
49.308678494144075,32.77390104873831,98.55481329284483,4.139614989220498,0.0
53.23844269050346,30.17889110976052,92.07580079000039,4.586394466578356,0.0
57.61514928204013,28.059189666883277,96.9203847036096,6.887687657340191,0.0
48.82923312638332,32.09466994084077,81.06385333046214,5.5565531245337585,0.0
48.8293152152541,31.180456156265247,102.13293707372938,3.6645184309001086,0.0
57.896064077536955,32.6855796600832,100.01205475362224,5.486036289417637,0.0
53.837173645764544,31.905515405045907,91.82911368931809,3.4526960110616347,0.0
47.65262807032524,33.148658145958,106.59245668432405,6.082691053887073,0.0
52.712800217929825,28.394294365318295,109.37570137626558,4.528875348182122,0.0
47.68291153593769,33.952182196902974,83.92440135631026,4.906363811260829,0.0
36.596845705859636,37.753135239410284,62.41630044759436,11.289838533738454,1.0
51.20981135783017,36.225782617875794,92.30857650212701,3.71283643141575,0.0
40.43359877671101,27.932436545731296,90.60096898891135,3.6028818148870085,0.0
41.375410837434835,35.207891409495744,108.29474841931749,4.416400673653995,0.0
47.188562353795135,30.593732350387942,98.06173861227197,6.038378851019317,0.0
44.93584439832788,28.045745989156654,97.35485158689389,3.480653924523158,0.0
51.57123666297637,28.548342497837034,79.96137635593246,2.167844401889431,0.0
45.45987962239394,29.03895807541704,106.35418030209226,4.5488411415910015,0.0
42.93848149332354,31.272497839205748,87.60741605146528,5.55174079991092,0.0
57.32824384460777,31.5685064641065,100.59932630266329,6.2002617497388295,0.0
48.87111849756732,28.278899988184264,102.77376937958192,4.536838637914601,0.0
36.03621370247136,39.83385289442345,93.52039593246872,8.922528307596808,1.0
42.87625906893272,36.42681107583559,86.91179600880888,6.153900734255747,0.0
47.27808637737409,35.182629510302135,69.80487844179174,3.1302583003045794,0.0
50.554612948549334,31.308971009022095,101.83849544753694,4.611479224816991,0.0
44.24503211288849,30.1140104345046,118.00511181510853,5.190423889925058,0.0
51.87849009172836,30.360093980154783,112.38946352939438,5.4492187212850345,0.0
46.99680655040598,31.84055391819125,102.09659415274626,4.490193306809117,0.0
48.54153125103362,26.931622304404783,95.08363814367952,5.034441011705841,0.0
46.991466938853016,29.227870387729965,108.0712259663731,2.5116726465870105,0.0
59.26139092254469,24.99424777836723,90.26453800295532,4.341751587666152,0.0
49.93251387631033,31.197669367815838,104.7635776935622,5.453508712554467,0.0
25.58936298740524,39.425304959138145,79.17038918713175,7.775131148391053,1.0
54.11272456051594,28.550440613101877,110.6020990749888,5.058984221589597,0.0
43.89578175014489,34.7219602898701,127.59660038911078,5.446872500802698,0.0
51.04431797502378,26.322703010992974,103.92415967178766,4.657450799142235,0.0
40.201649380601125,25.60687535937054,94.91036374292501,5.170463770996571,0.0
43.359069755507846,30.673355455679918,99.74425687808005,4.037267434715388,0.0
50.984306179345616,33.14129490783646,82.30924095110882,4.793388720303954,0.0
53.69233289997705,35.0517830743736,93.05286868910942,5.610216169589222,0.0
50.85684140594985,28.62334721139318,95.90717561886896,5.156972960968434,0.0
49.4217585880588,33.236042500293884,94.75911602065408,4.4134687304360645,0.0
48.494481522053555,29.884474591497877,101.52354872033722,5.224216404290793,0.0
42.60739004816286,29.48211810017754,91.775800676178,5.714609790636618,0.0
46.40077895802646,32.650979812460015,111.21030667324472,2.950058721422522,0.0
47.696806145201066,31.95696863524026,100.00207064918197,6.159074064955898,0.0
55.285611131094576,25.270823529047252,99.90699678861385,4.663745261318928,0.0
51.718091447842305,34.42962104917768,96.72105283487082,5.425489933240231,0.0
41.18479922318633,34.14027406244236,101.55190683858979,6.197246923645228,0.0
51.620419846973974,28.12331189547141,108.25098264667635,3.6283263027695343,0.0
48.07458859791842,31.187410600312226,91.32869784289099,4.290558997572454,0.0
46.61538999847021,31.482090558848217,93.41883510924744,4.711451304124295,0.0
53.058381444204336,30.782021297471722,96.96273971223336,4.216246478875572,0.0
55.154997612479754,28.34908453846374,86.54129076526785,6.734936575836809,0.0
54.65640059558099,27.985129896185846,91.80742140278502,4.143227906173207,0.0
45.80391238388681,29.923337787025662,95.23779126455341,4.444453220513133,0.0
48.45393812074393,33.51818705777809,108.74389180712727,5.204389031602977,0.0
51.65631715701782,31.630800463783295,102.62561329001925,3.797850473923911,0.0
42.197752966768014,38.531974109769145,73.8044790688582,7.4605314936340035,1.0
47.60412881077355,32.31509613194503,108.50897962167971,5.317453261250175,0.0
49.07170511668092,21.454372138109775,98.62628211600604,4.667139595617488,0.0
44.468325129969855,33.44629710111631,103.9046484992889,4.906613141100052,0.0
44.01896687959665,24.7808586636657,98.96778247067503,4.470667887551629,0.0
54.06262911197099,28.912677175790602,102.65362349399628,3.485529690819233,0.0
56.78120014285412,26.640990316121567,94.17241342388418,5.321593211339239,0.0
49.63994939209833,26.115955572837283,75.61182841723571,6.754933071647241,0.0
55.01766448946012,33.48248036213556,98.65720837813696,5.018401630783438,0.0
51.808180125238174,28.596896396064327,114.2274813609994,5.22526411724755,0.0
46.774401226974376,31.039511645192146,109.26215402241593,5.6927227551168595,0.0
51.80697802754207,29.85923826336245,109.6539748459117,3.730669503453301,0.0
57.690182832329846,31.431122481669366,112.36130721806218,6.702514658129606,0.0
49.82086980445024,30.230465673180767,100.88657590961438,5.202328796422802,0.0
57.82321827907003,26.15102332743429,101.97315707405596,6.631856899089109,0.0
36.901274479551276,32.98880045834142,93.8234810456565,4.266967004476011,0.0
54.10951252187612,28.51873025051606,96.8392714397295,6.818061922557825,0.0
50.435235341190854,25.330254304020748,106.15771149771142,5.775155494034783,0.0
48.50496324767066,28.715654517102262,112.03884437168816,5.553040085852358,0.0
50.458803882677515,34.50227937190293,98.60553724319,5.234024454353148,0.0
40.06215542699554,32.55066522634048,95.49810735148588,4.75147138192555,0.0
48.90164056081244,28.954043596776422,100.00527958856597,6.2005316584738726,0.0
51.78556285755873,28.952226887044713,106.01206748929116,5.140359869848047,0.0
46.03201169270857,35.0926285927567,56.41303034014803,6.048450934689266,1.0
47.40864890863176,36.23024395068252,77.03819046862762,3.8828135382929974,0.0
45.95753198553406,31.14580635669466,94.49463150508416,4.814154247807252,0.0
47.491214782077314,31.290124941573207,87.79287574085842,5.309998983165555,0.0
54.57701058851037,33.09085036209552,94.9185980235269,4.943411511100104,0.0
51.64375554829842,30.71636747707954,98.52219681182528,6.218970789793663,0.0
47.351198981164806,29.22287356253789,95.46751590976987,3.048898135961375,0.0
52.56633716556678,29.410950452745066,114.52467534470745,5.14358793650516,0.0
50.4853877467402,29.785196221757808,103.2674476460232,3.1820207746128455,0.0
54.84322495266444,29.888333290470474,103.00474359610828,5.759712295484168,0.0
46.48973453061324,32.18288863091094,106.22207144043402,4.905541285557997,0.0
48.36168926701116,30.1558376574219,88.61166882219231,5.419609972024118,0.0
48.03945923433921,32.19792023164674,110.39111787420269,4.136117039410234,0.0
42.68242525933941,29.757850259674253,99.2423571346454,6.279464931657751,0.0
51.48060138532288,30.235905570948272,106.70480617241212,6.041724664058851,0.0
51.30527636089945,24.005397946403676,89.28142766959844,5.583544303011887,0.0
50.025567283212304,32.748983024107446,84.46241233983936,4.870482753136559,0.0
48.82706433312426,31.03946542769398,108.17889658025028,5.579857285295132,0.0
42.923146289747926,32.994030329578955,103.76409526097517,4.293107432012651,0.0
47.89677338617321,21.311233865418934,90.9794844564249,5.8555556590207125,0.0
48.286427417366156,36.265124114342186,91.30336918725305,6.649480894323921,0.0
28.778067044913186,36.810664214833515,88.88714308560938,10.968120566401936,1.0
49.19357144166995,33.324548450212546,88.10588107132672,4.27039753019259,0.0
52.02025428407269,26.880282218623407,116.42672953255963,5.361417317273103,0.0
59.43092950605265,31.83832171518771,90.99379265352131,3.7068584562413522,0.0
50.872889064159196,26.839753310479033,106.38391925608383,5.572390311175676,0.0
51.28775195361382,28.128693117912583,96.71381524251015,5.450603412862539,0.0
49.62777042116917,35.742094061600355,106.03187431082343,3.1301836604678357,0.0
40.40614392350479,29.42795279770996,94.55885997885807,3.838216156087636,0.0
49.867430622753915,30.65229861953917,98.37207093927705,4.716861103256233,0.0
39.62830492048999,40.51404611013837,78.07900210998886,8.69836216694393,1.0
62.316210562426434,31.487045663917815,89.97812544218527,3.790523064581195,0.0
49.03819517609439,30.45125671543073,107.40824345420125,5.388978729352184,0.0
51.50773671166806,31.094883007398675,94.86786433528415,5.251473608940512,0.0
49.82644115147378,37.21024675571483,97.71400084659982,4.805730868021481,0.0
44.15660981190234,29.827143608899245,90.05650625391488,4.244208499841637,0.0
55.7141140725751,30.603297140144903,74.3766634120469,6.048707126416564,0.0
53.75966516343387,33.15196318802283,98.08972237399831,6.6554071130882955,0.0
53.95515973521523,33.31657779887395,124.12615421612915,4.516438516153463,0.0
45.4530627260263,33.56109091668114,107.84604287898024,4.387833082845179,0.0
57.013971554680495,31.916190666087555,99.80739620265605,5.491207665411996,0.0
42.990744686038596,26.57098526180855,97.37109170791733,4.641970620253014,0.0
52.93428546900135,34.90029459690329,100.22465892812046,4.860602799336766,0.0
60.952278129049894,26.560963820943936,105.4711911517521,5.739653151724672,0.0
45.04731837434656,30.9079063957171,88.19187184691155,3.090643912492707,0.0
47.16851135198614,27.737172449941927,111.14321694668872,6.318302324852669,0.0
50.498256825438204,29.80758496022102,107.15381315441245,5.072680524329341,0.0
47.482621729419,30.986287230910442,107.18185725707934,4.58850685543782,0.0
42.24668284466934,30.96407164635082,104.38475738809727,4.910765845778551,0.0
50.34281487403014,31.265762262705856,100.1961665769399,4.962429355020519,0.0
44.688481431369475,34.84113380717594,106.7286123596682,3.2687986965550744,0.0
52.36796215317591,31.36060290454194,105.91814133741379,6.494938227453236,0.0
45.402878828830985,29.267530094128055,96.45959289058976,5.041325632270619,0.0
57.7496720250877,32.892261504865075,94.26398227103098,5.4430021304473755,0.0
46.08373353831882,33.568411466773924,101.01856295261987,5.951549770574043,0.0
48.38969241897162,26.31717655458902,115.49020151495188,3.9788375424397,0.0
54.06758608684835,31.792200209549573,87.60892924346099,5.4734718990352285,0.0
43.84567841783022,32.10351822693269,85.3247473424756,4.732358909101206,0.0
51.13729967302065,29.107309489920024,101.64760841236517,5.846770775216494,0.0
56.53571377141214,34.127120439934856,100.50887701856018,2.8727725796485046,0.0
41.96258382719386,29.54983323890242,101.73341664370409,4.900905699758731,0.0
50.92316929266152,30.376729360414625,102.439531979085,4.397179344216038,0.0
51.29941397124212,29.48078452714839,97.76797745365195,5.432262950634155,0.0
53.909114358886555,30.0467371427444,114.89863438602082,5.470044187368202,0.0
43.81524644560959,26.711174739314394,83.99096021523485,4.292374105177974,0.0
43.39771693457862,25.679847352217116,91.71502975219754,4.287826135823956,0.0
52.60970782808449,34.783515189674915,98.96745239850952,4.88933463144267,0.0
51.48492336616593,27.459115955045018,83.56811188845833,4.103357772684792,0.0
51.252464251729386,27.025822951631078,98.24145595567929,5.841983695452127,0.0
51.73224104748488,23.539829659188854,116.61470165728018,4.6307927995525535,0.0
46.59987639210755,28.083114756931494,100.20886488295962,2.0930117806783586,0.0
51.16126848580502,26.030730619777504,102.30700905718683,4.625177943378194,0.0
51.46536236649341,34.92604548040911,87.3983523482742,3.961456179156028,0.0
46.42824290986816,33.029451268027906,93.83638591960522,3.3687241845390545,0.0
59.328872555723784,27.93554896446683,96.24803619676064,3.7625733617774273,0.0
52.36916460455894,36.75730741603293,96.82284903243766,5.10940847183297,0.0
44.04348251398676,32.94529646097478,112.81643795003768,6.328640828248231,0.0
34.53533154660349,34.37584932808008,78.39622899524264,8.865000983127912,1.0
45.126591648863396,22.501782855379282,88.88542043062968,4.39349661178426,0.0
53.93542301871226,36.872827717772225,102.46504778432005,5.455904195170703,0.0
55.79297789503702,25.831282599709212,104.98221748496785,4.540909689781008,0.0
45.89658840824145,25.063803759129325,111.40149038521267,4.305399630836855,0.0
54.816880646221605,33.06771129602892,115.80540686568374,3.8456373317670156,0.0
52.063904634682494,37.31925721901782,89.84905808172131,3.2481711932482806,0.0
54.11030079997245,34.15281845553155,91.89142488789662,4.610076293440555,0.0
59.48396491326974,31.691727360157078,87.42422141085383,5.158053489920132,0.0
48.77305941998565,31.78426302499586,97.65980140893019,4.90337632998511,0.0
46.23131917821255,32.560246676340924,104.66358374446335,4.584033072052641,0.0
45.55242785187238,32.276785769360295,109.87334516589102,4.054253939303219,0.0
45.92094857517281,30.84357427190813,99.24048976357477,5.608246191684969,0.0
49.61449145292948,30.31260331185563,96.80152476745155,3.682868080053415,0.0
51.70575987408322,29.81222061630143,101.5175799224874,5.776027913843476,0.0
51.3834539966501,27.73810623339997,91.64857098369977,3.997782981073275,0.0
54.13591624518012,29.15797476939968,120.89538721694774,4.247564762646965,0.0
50.065009459389536,24.921129557413842,83.92338972881942,3.533214809384323,0.0
57.26767038578659,29.704981119615752,101.84740578895725,4.498597853114363,0.0
48.67671583381022,27.03422667854725,120.2360621922964,5.975312458477979,0.0
63.600845832948096,26.689232048352686,100.06799844559998,5.515628088443957,0.0
53.128336738825034,30.539682453460436,98.09960964998506,5.978422112028035,0.0
45.714212217918586,34.1760068590338,96.42554577189573,5.522142545933936,0.0
44.645537509694435,32.75494981800694,98.19608318237592,3.896330171469631,0.0
52.41236207621593,25.28849818913047,113.7284847467653,4.669210775672442,0.0
48.88268607337075,27.031115590288987,77.88138088670493,4.219800870882537,0.0
53.57000247046046,32.82231356396465,115.33433701296326,6.33057490403904,0.0
52.366188122867726,27.052537819385073,85.76042847549854,3.8032113535736887,0.0
49.63585543671564,29.326100550008928,97.33347670765585,5.893697689389111,0.0
45.76603140965798,31.650156297073657,95.70755579701338,5.892953870108769,0.0
42.42576387657068,27.094966635409094,105.88553269770719,6.829620201716088,0.0
47.767425239664895,30.31612651843788,84.01875648116253,4.590313407370503,0.0
54.28199397161736,25.997923515245386,104.62172666081943,5.712322159580162,0.0
51.07046872065102,28.19589706814636,120.24309623286852,7.281651836538843,0.0
43.77130610644006,30.95934580242761,86.3682599540719,4.3823583230663035,0.0
50.86590462925591,25.22101879940499,101.89706167610396,3.4649597524676405,0.0
51.92658689864418,31.321424213881198,93.3801782220339,3.1199899660922363,0.0
45.580712818994336,29.941086603219958,104.25887206193036,5.712712028861331,0.0
50.768625529727636,31.657469863251443,100.19147777415752,3.116849791941416,0.0
50.29104359223,30.671742402193985,93.58513090955691,4.627680947062077,0.0
44.28514851084688,34.09242128992153,104.87872284871074,5.437313187038961,0.0
51.788936801741414,30.375673507943723,118.04348109786743,5.185175536829914,0.0
52.803922631841175,28.71178337662424,98.09096208272702,5.425444864184172,0.0
55.41525621587638,30.36689250909685,107.19757942148182,5.222289855800854,0.0
55.26901026017451,31.629894087109165,87.06727042128836,6.278865813313393,0.0
43.111653160214544,30.146580210977113,90.43563623181991,4.047683619261203,0.0
45.310874800424386,30.121775073611648,104.72406277880377,4.3230048615414685,0.0
52.5751763360433,27.894024936579733,114.84116028535965,4.227340554729176,0.0
52.56892975456105,28.011297247347155,103.5561334878566,5.83019181186261,0.0
52.57523843153024,25.79218418460092,96.86941969476845,5.900398588395063,0.0
69.26365745327361,35.24873022956082,99.99291405423354,5.4512253193185085,0.0
52.85445255346583,26.268410293826143,87.49592266030282,6.183493666889928,0.0
55.677828200902994,27.92128440661228,106.04515326355367,3.8219591326236193,0.0
54.770008817466014,27.844778203292407,108.82333062323409,6.667224111551137,0.0
53.25695625652899,32.68477313083332,95.4790966716692,6.523238621712258,0.0
48.423653776798275,29.115150965123917,95.29957852240499,5.7356219972457465,0.0
53.79484610246634,33.7432262180212,102.65878229652049,6.78179890877106,0.0
46.13587392731214,27.979528127268395,95.63280263959405,3.343376792322226,0.0
48.815906966299956,30.836982486671406,99.33867385374178,4.475551863737348,0.0
47.57318226085448,27.493958840220728,120.99721789166516,4.264696539318048,0.0
50.40937069693161,36.43544738332017,97.52974299254004,5.721479323757343,0.0
61.573292833367546,26.43720474291146,96.41659847978778,3.9498592603978544,0.0
40.66367403704126,30.92946213068108,93.52458194364841,5.757495149337485,0.0
53.431300951872565,31.901330642796296,107.44191971499937,6.370536143996714,0.0
41.93642064405174,31.241397292354495,98.18775826781896,5.695202900083999,0.0
47.64034067105283,29.444137023366874,93.50626961678574,5.283751023661501,0.0
55.44475298483683,29.61053790079972,113.21304032273012,4.012126659099251,0.0
50.321400095477316,30.131434415937328,114.19603004513637,4.1531490338746355,0.0
44.61127611035347,29.558993995114534,93.99576434261294,6.249618905296667,0.0
46.42348145370016,32.89163735038473,81.33460048639384,5.779349003905333,0.0
53.39798874467338,36.63156900477405,110.07513689836922,4.960980480622456,0.0
46.34816684141432,28.3275246449765,93.15370174239996,4.582090454234109,0.0
51.08229294790988,25.890591061262768,107.90625599162769,2.974192126888623,0.0
38.76689354410586,35.08863689586807,53.60627890537329,7.94940676804986,1.0
46.74199826197091,37.73912801296296,108.92597338299309,6.911419087139723,0.0
60.719720446626624,27.588976296090806,87.8882807071922,3.7195444289975335,0.0
53.169595111590056,34.917350416332205,107.30764119066525,5.189479821221081,0.0
39.874287066711965,35.03310244222932,100.14273067836434,6.0074439731951985,0.0
50.93227157384714,28.339235274876017,90.46060580603356,3.7450773319977078,0.0
46.69106767615806,31.706949237555826,95.9296368707322,5.184710474781084,0.0
54.26216667398112,34.88518986938561,106.86318456956701,5.937915537510655,0.0
46.037396307836495,28.862616777037537,101.05894453115235,5.01249932190725,0.0
49.42631779266551,29.389258919692914,105.84412980472484,7.868403055666768,0.0
52.524936394902284,28.254957258154068,119.76440584515485,3.3314007411218047,0.0
38.368340016074136,36.03601359349302,60.7701587774606,8.803590968776417,1.0
43.99851796472112,28.052167364801978,116.17212574968624,4.8271982626035355,0.0
48.327493820795254,26.32817919971323,101.04355937523214,5.771920154836675,0.0
47.625273444195216,30.102250404777678,91.01215951676872,5.441307151699246,0.0
46.73335383713144,27.690080306824076,86.6968637426101,4.266843802890003,0.0
58.82727120140548,30.701357735372245,98.10879609222967,5.22899639245934,0.0
52.024908554804774,25.33231306138912,109.2165011192446,3.142098548601713,0.0
43.69558022832477,30.99264069664337,98.72450879622465,5.603247500571394,0.0
54.58930973527388,32.500586884826774,115.11154930247348,5.298158465990525,0.0
42.65967815979592,30.201167633479105,63.03005722925866,8.663371329737807,1.0
55.16232630275574,31.122169709542717,99.87911052153946,6.05811832508715,0.0
42.403150170229935,33.68300697741988,87.47606555586881,5.367619840209711,0.0
47.57882963566874,26.371076943926383,103.63631882624968,5.148089419798276,0.0
56.334555745933116,35.01771716051311,108.868873900973,4.118931663338707,0.0
46.461652671906094,31.257057028098135,95.79238206318946,4.287779236350949,0.0
52.219097140731144,27.88496443272477,73.95786143372865,6.186734620177331,0.0
53.87317026714668,29.83269276702688,101.98948146796495,6.436335405705979,0.0
45.36534764210958,31.674980737565168,104.3673855173351,4.761889563687946,0.0
49.702373219691,30.228016174237233,104.04294754961698,5.046002747253274,0.0
21.443350311535454,39.29026530874507,87.47881996542853,8.772792906862268,1.0
44.87806179332855,27.2379792207619,89.28946320350951,6.172756845267445,0.0
48.7371592430342,30.508082472108235,106.8021610545045,5.665416823691778,0.0
43.76108409017575,25.75885650928506,111.92507512477975,6.941217436463749,0.0
58.16205651965818,29.6663218159539,82.21412415993484,4.121676922820261,0.0
42.84929311019684,27.28827707560563,103.19651825918977,4.621992100981783,0.0
47.79977756651508,27.7934101722307,94.95820168992329,5.231445922525572,0.0
50.65370288643046,33.70827952563131,99.18477326898355,5.6464895377257704,0.0
57.20636644533058,33.27393036178281,103.47676483538336,4.784332362452368,0.0
42.8206892441028,31.82741436272153,95.12771435886448,4.127038909546299,0.0
55.815818760774796,26.723061705982264,93.24291920838388,5.881407528923571,0.0
50.05116530509793,29.050774650915596,100.34152417488025,5.721135362545581,0.0
45.09245674476024,33.63929309993755,89.12754061137197,4.083725899436275,0.0
52.31051737131635,30.425150740919715,89.14174871114815,6.355442801105496,0.0
50.99529847786735,36.957988619945084,106.79373282956503,6.170198709196604,0.0
46.99891561420603,31.179953518183115,88.51205964841344,5.134296497247793,0.0
50.349010424950094,30.576147349470094,106.66312500909211,5.079597862376036,0.0
48.073432015691196,29.072650607392497,104.6259129285395,5.554057771115907,0.0
50.56758672625624,30.40062271434685,82.74193271209404,4.138296929743742,0.0
53.31065337260523,29.54259049085837,93.22435347664344,5.030031479164082,0.0
57.93008408072676,32.124326030065774,111.94109403047372,2.8476164553908196,0.0
43.810922505865754,32.87010695038375,90.18834468860318,5.8764556455029355,0.0
60.665166873281336,27.642031618476153,95.35595737690612,3.438506777558141,0.0
40.23956100238749,26.006301139326666,104.62060893251896,6.503419828428999,0.0
49.24107452482208,24.49138388069011,107.83390509282596,4.669879906033549,0.0
52.94158603242288,31.52397398073763,97.48461113955504,4.7883330180688235,0.0
51.40495933867516,26.68990018147838,94.02489805308359,4.372266093915495,0.0
46.88650240089703,23.54132822114255,114.22369861698508,4.711961126077924,0.0
48.95938874821363,31.165735813592892,117.3889966379758,6.418531345148036,0.0
27.54149232198384,45.500520651405765,81.78039950922044,5.229184384099574,1.0
47.053176215278945,29.98178726538032,100.85318142565023,6.276965386088188,0.0
54.24801048510513,32.51547232335493,91.91734278359074,5.338023481101708,0.0
51.785077429825236,30.245488075642694,91.69555593443435,3.7929783521427844,0.0
46.53545202369673,29.703331040426573,105.22514105265758,3.924687606950762,0.0
54.49799937716625,32.75722944896331,104.18398220888683,6.676393027208203,0.0
51.536497604383044,29.129176367434045,114.01598592946429,4.054493120057269,0.0
54.0643105941948,30.80217694221571,106.50450092536138,3.8466494894040406,0.0
53.14814420961806,30.96509341858804,84.96919698240183,6.137314542364729,0.0
45.85502494538964,27.995728639070855,110.51947617722918,5.338552876285914,0.0
47.19909479901515,32.97612704860957,90.01939372685587,4.062074423463601,0.0
53.73646802561631,29.475120729913773,96.16028728047648,5.216624975404619,0.0
53.05185132716733,27.732764521521467,102.50200206251695,3.9742473163597225,0.0
49.89549203017926,31.60952953071121,119.95667489783965,6.100821398422605,0.0
50.58663691654391,27.304596054626888,131.0991855600536,6.0613709648731335,0.0
56.388324478942124,30.084543472107384,106.06723059136183,5.532006198821943,0.0
47.04214305582085,29.97264301006739,98.16803381279612,5.361661061247016,0.0
52.73548690585019,33.257686697494734,105.3450564848055,6.761188124867374,0.0
48.98903673783053,31.42409469863986,108.87655425873837,4.9996863273882255,0.0
48.911593983863895,29.924919123764568,96.79332374442808,3.8181258745791986,0.0
55.49388425993595,32.45329889760086,117.95211355912322,5.449473912832307,0.0
54.12708174494015,34.17062264705194,102.30070759191402,7.086047049537114,0.0
54.06754818000319,31.673430919055587,104.97743089091394,3.985240506814148,0.0
56.52739403577164,30.03105785953014,106.65924252054461,4.638537233306014,0.0
50.105019208163796,26.06449130294952,104.21586610614456,5.416446038101452,0.0
53.40976485647482,26.804659010773882,108.38940500469613,4.946095150994261,0.0
48.44866621703272,29.084325886935996,93.82746813453076,4.017696419622686,0.0
51.62083176244221,28.17146339352215,94.4169824605397,6.121857856230471,0.0
49.34928472816158,29.439086091043663,88.99845767028305,7.320040722017259,0.0
50.48497982496359,30.16994977469132,104.39501230620226,5.196131459023907,0.0
52.975785127184565,31.589078263070192,107.78936503512114,4.095931710264,0.0
45.908896583832636,29.788503665822727,104.57772866151886,3.451039474946525,0.0
60.4619363784273,31.459504931478605,116.74492433347538,5.257975981221181,0.0
44.96991309250149,30.19342324443036,99.94403981170953,6.103877343316258,0.0
43.92905693606134,24.073600300938388,106.68741655592513,5.475167746495382,0.0
55.79055436750034,27.181993818543738,89.08299123860685,4.997596159081146,0.0
53.95831346981468,29.567737332835154,96.12900297525599,4.410728348210694,0.0
53.12059908526078,26.370915771476678,106.95537757565778,3.9078363672819103,0.0
53.1417275463214,31.799786189988613,108.49102110743144,5.8347513263248825,0.0
34.91001093510958,43.95992381825717,72.42096788880926,10.810601115528238,1.0
45.51372814257084,33.65628555509195,99.28400748141934,3.454270213309267,0.0
50.379022790968634,29.359671387209374,84.82126253319191,6.589838978180683,0.0
46.61419144243944,34.47217841054986,96.42970799193391,5.574071220894002,0.0
54.87559866708875,30.446002371606333,108.90383163519786,6.399594645145793,0.0
49.26471309248931,28.988742086645882,105.75205016106567,3.6578722515148847,0.0
45.87251401603744,28.15979200937718,105.00665721381209,3.6341758445845613,0.0
28.985562199390422,38.196835986851255,80.42310546763741,8.982296135269937,1.0
52.064657271378124,28.835469544376313,100.07063158628176,5.502784426895194,0.0
47.18137723598013,30.511248667126463,93.39678860526553,6.796360822926964,0.0
45.888898022167844,30.481721943149594,106.98828420202534,5.706078913815132,0.0
51.21843605745956,30.009138060460245,104.20972944389389,4.757318723187967,0.0
51.22483285554361,31.310814509239048,104.92018847992799,3.9736307923341077,0.0
47.46528412314435,33.57193882435902,94.7396515733242,6.23000057271915,0.0
47.644808471908384,32.84866240632397,78.46657080128756,4.035294574249285,0.0
39.41243683803884,31.952692606904886,86.7446609209627,9.885239429151078,1.0
42.75957829251338,22.338236595294134,95.21162543991596,4.715615350393491,0.0
42.962681128117225,32.80295973371782,91.37224235956879,6.590582072617851,0.0
46.40777889373782,25.899363904753738,106.93478911913994,5.678931290059278,0.0
48.932764241440765,29.32570379432195,96.07987360080871,4.863004510557542,0.0
51.554537827990025,26.489660921821923,110.59936384046622,4.480603628173873,0.0
57.37678108474776,24.594058687259942,106.17005949576698,4.65909212265392,0.0
54.2882981160101,31.624388184614364,106.83569323200477,5.428316692375238,0.0
49.20030735018287,32.27746548090794,86.34044288799466,5.077156496217717,0.0
49.904918960486555,28.27046879781984,112.11943985386401,4.406188591931295,0.0
44.987353176810956,22.22687312356527,102.61250531233856,4.834368589682367,0.0
49.90743432003805,28.361266655242552,96.30722860753797,5.07857702971915,0.0
48.55670680539931,31.17541201620764,101.43388467342251,2.871265905585188,0.0
51.613592801690444,25.563265293677613,82.2376476710168,5.458168114788698,0.0
45.86384528223839,30.550079759337468,104.08652811480671,4.020278775283193,0.0
52.59673257120586,29.954070452481012,89.70628491817928,3.846667596794255,0.0
57.66369456501289,31.737874498803265,86.47329714156466,3.3126556528892896,0.0
32.262317701967504,39.018104791674965,56.47701220569666,7.150198456297752,1.0
52.00855861049471,27.080793177355332,111.12688374989925,3.6445524968877105,0.0
53.45071995855556,33.589714504993474,93.70736606307212,4.29097904236951,0.0
47.99389764057082,29.52441128091909,115.337277099165,6.953259137526568,0.0
51.12046240905208,29.918086381470204,94.64198536947703,4.474120324104796,0.0
50.06296200390897,27.20019612278041,82.92642042407053,5.177750106268031,0.0
50.488380492744156,28.670153246425468,88.8347556005134,5.400481386506328,0.0
46.134951080722665,27.345591857919295,112.35811620006939,5.1310651862158485,0.0
50.12255087129471,29.48116182022973,98.44101822063332,4.922556539274006,0.0
52.48999145622725,35.13512544042703,94.51712703509399,3.8047062364007553,0.0
57.25571803897521,25.88429657120593,101.60018225852788,6.450927548279212,0.0
54.79635413042603,25.159315806369776,105.01782736167544,6.8071966436378855,0.0
50.59678428834171,43.39546459557937,86.37215300640572,6.485510644877935,1.0
46.16326218555975,29.372028968544402,114.48499229892926,3.9759714091136207,0.0
54.36160318360339,27.992781784020252,96.40231354210914,4.720189657622994,0.0
50.91671002869176,33.11971406218823,86.73952313917962,4.035462205089809,0.0
60.94901466608836,28.183153380789406,95.86534838876725,5.505965553455865,0.0
45.95850857322424,35.47802914064081,102.60280506582886,4.271727797593387,0.0
45.80139078909612,32.03377761401781,90.3624107378939,7.165056067806603,0.0
47.003036772779886,28.536265775562892,90.42849085104957,6.190548594343596,0.0
39.380521378450965,36.47192463979651,103.43787881549885,5.212574030632215,0.0
47.37122489159619,28.182855230989986,99.5134764842955,6.026986263319732,0.0
46.20433669223151,32.22628611602792,100.32796995411587,6.1059004243573085,0.0
50.75196893238104,30.897877741219475,92.41504665299931,4.436052511941757,0.0
51.7087798788858,33.905223868196394,97.69599285794233,4.183782755458036,0.0
59.38085419607943,34.68453359018056,90.75766855731696,5.078143062969647,0.0
54.75211919093025,30.0960124471973,108.90198411124787,5.861636124497944,0.0
47.115481721687985,27.73974638896145,110.35249334723753,5.139060398653418,0.0
45.50792664325821,31.37991642881735,81.53812137761906,3.423003517809003,0.0
52.45959585753253,27.966853890743682,90.7048913980759,4.1971755560491575,0.0
43.39883396489679,36.04016174257987,85.03470744909922,4.926027136405622,0.0
59.157293829271765,30.409605993248213,93.49976065593101,4.92433439567417,0.0
55.897200603606436,28.904035346063672,99.16562030209639,6.972542176789808,0.0
47.65412173947647,30.554040917594726,85.5035478030147,3.614012057601002,0.0
41.434327354545616,25.95862113141091,90.78140186874687,5.5055892418358745,0.0
56.76936187082706,27.085157884468046,89.96042627918501,6.48911310832829,0.0
49.42730077373691,33.601241723833276,102.07267329398944,7.271449745422796,0.0
56.18908155986731,28.029317163085814,100.6934433703625,4.595602576816039,0.0
42.02786170602816,26.85926705195418,92.78262446662747,5.4914294527202,0.0
47.00312488523114,31.60995825758186,101.76820872139398,5.569760357198647,0.0
50.026218498590914,33.55711246398899,94.53319915412735,5.195481731553291,0.0
50.23490296882371,32.1568599319952,97.28344889673947,4.901154798760694,0.0
47.749672642603784,32.988143057417446,116.73452090298537,5.4359753895000456,0.0
36.59143853355303,37.71073719951481,91.36204583853952,4.703634047749588,1.0
44.66189785308703,25.73456799977447,87.00418763072402,5.682069490062632,0.0
31.48110953317725,43.583779902942496,79.6594279491417,8.25364156068579,1.0
50.601478158559495,29.031960483473593,108.11396554491591,4.777525103221735,0.0
52.57219417029374,29.24750095063486,88.51736711247382,7.046862195719558,0.0
53.558074390444446,33.984582425547174,108.1877764375486,4.325065981209447,0.0
44.376789540810655,31.66869002820198,115.37931918412554,4.596924010934969,0.0
42.329429146321885,31.367663316244823,88.77455193755586,6.991553302204734,0.0
56.38838410949255,36.49500703470325,90.82497178985736,4.167938695150143,0.0
51.66157005989796,28.06944530885957,110.17661466843502,4.449884717063461,0.0
46.25756731721723,32.783520384243715,102.71495310825648,4.85297457656915,0.0
57.75575987761262,30.171039374691254,105.51476275239523,5.840734482129549,0.0
50.57837317146429,30.80577683658977,103.40589216400497,5.207802507353313,0.0
55.89648592031913,34.58540527923759,103.90695920928144,3.7073746528477374,0.0
50.33759240705054,31.523507268868872,86.73527871688917,4.46783143687281,0.0
60.303739624409936,31.6148882371489,110.47317706621448,4.392645566787788,0.0
58.77670421221602,33.217522011929404,111.69589992427774,4.9227789547769545,0.0
48.75517925760463,28.905141811371344,97.70609255931973,5.425843658629829,0.0
54.85785475477178,27.482370997982983,99.56523050186138,5.418205755887972,0.0
53.226879747925736,26.8655724179369,84.68892497444278,3.223988245951598,0.0
56.843157787661745,24.100930231871995,105.14254756017834,6.063940987560856,0.0
45.17538269709948,36.16862138982097,105.72057441714144,5.252568845996623,0.0
53.4302572999922,26.69037490283495,99.37808983000689,6.384532047593906,0.0
55.292122434247936,29.336239129242685,111.24353359870503,5.444198327290672,0.0
41.20630256788443,29.16956010033324,96.6592276902006,6.101322957735762,0.0
44.083707436671126,30.922220093427303,105.646059258936,5.466545311450127,0.0
20.70187786975253,39.33878967344419,65.7356191273588,8.64366409303562,1.0
48.65296582777721,32.58142046507923,99.76447849125762,5.5222506360177785,0.0
53.58771127897981,28.250767684293184,98.25645742097164,4.902084753557096,0.0
57.51178526048014,29.498634858640767,102.25307922040942,7.272434720446881,0.0
50.37047390209887,30.847739851464897,96.30473071166641,5.889037122279892,0.0
58.14307772785646,29.25392662144936,98.68527404328333,5.573744421004413,0.0
43.099492708925546,34.82203672805998,108.26047171441506,3.723695583461664,0.0
41.48308780322422,31.472924854914755,95.63235762761782,3.7116923825364623,0.0
49.722261505516904,32.20463335814945,83.93422899261321,5.292715482141853,0.0
51.92032724469654,31.988643806002237,117.4958390420542,5.1455211977682405,0.0
36.842295011498464,39.33297689894326,87.49909700014327,6.825702336071694,1.0
39.66278949980062,30.543064676111122,87.07737304894381,5.14098269961206,0.0
49.55439980243606,26.10950415613246,106.89707805245195,6.588626928043595,0.0
43.47765249747573,31.199063855257926,94.97025229448657,5.695402474550299,0.0
53.348362744150194,28.045929318624513,102.6348721533106,3.858991490247262,0.0
51.83299123048424,28.41414995475073,102.94224129013493,4.888491172857056,0.0
45.30060106836322,31.75909205626528,97.65592199683678,4.195033519147439,0.0
47.43066541331653,33.714849214300905,92.16234334413603,4.612300083591439,0.0
44.703932390555245,30.063814730208186,93.0945894768374,4.586384334370357,0.0
49.686604513634144,30.92649903779689,90.83808084518758,4.522354417395995,0.0
54.77571160250619,35.10664483390571,91.68177791769556,3.744864628026605,0.0
45.071369768322285,30.722259538465703,99.32821709950645,4.87234531848181,0.0
52.52023257758922,37.80504934254118,92.84240010889248,4.43939236315269,0.0
47.348711908137794,31.696528936894634,106.8205206571262,2.070551309997732,0.0
46.03563583868828,24.71771172253255,114.87246155335927,7.052972024501663,0.0
49.46484820022721,32.260024863313596,94.19946758629958,6.088769654216672,0.0
44.82378838790313,31.143475154648332,102.39404500535377,4.623699275075004,0.0
47.23175347326409,33.86925826224824,104.99685110302934,5.018819049740598,0.0
27.382012660709098,37.741104272247284,78.85766772138513,6.531320849634019,1.0
59.82362566458195,29.58463204804868,100.75955267916088,6.695722877810866,0.0
36.42310430212851,33.13318558601096,84.84381989232129,11.049972842718718,1.0
46.501372460037075,29.372930228141925,104.82248952680658,5.156693728246525,0.0
51.06989955367111,27.4484386373721,87.62337577672702,6.023530644185344,0.0
49.43835975154585,28.258429650585832,108.69156064389273,5.175286778933923,0.0
48.89515200233389,31.765735213261827,108.87290837266742,3.6632745611240694,0.0
53.07083350021713,35.00971351305422,92.36713895821418,4.588176631036343,0.0
53.787538550236526,31.184014589468944,100.37937835447602,5.131927966771957,0.0
47.34749426194736,26.41235081389445,106.83328992811069,4.545452281256556,0.0
47.1209087967766,31.333808004660423,97.90686180420639,4.781346722564964,0.0
48.62474151424178,33.58989445993696,110.72978047766011,4.908600442490886,0.0
38.49039417632208,28.170651287041853,123.6387249461936,4.919121502134539,0.0
42.42404468900724,29.597948499981246,92.14013967365018,5.052258490497483,0.0
56.83437133722262,30.04406458418759,86.18955396846225,3.939394933603399,0.0
58.22483856750642,27.64530506075328,103.03818595604876,4.282983850872064,0.0
48.75481980221811,31.94484130153158,107.21562505126144,3.7154157343000307,0.0
52.88278481527883,29.637155554176655,97.69133626155231,5.9778155496862,0.0
51.55625077271768,31.258597331721084,114.53260663321035,2.8943530581596755,0.0
65.3944040422762,27.3375234665937,86.61394200276752,6.1535903433169254,0.0
55.59787455717289,28.68762509902977,106.9291862303161,6.386349397262843,0.0
49.36041204259617,32.167144073483314,93.94139179241107,4.6978194130173785,0.0
45.22229779699787,28.881500543724698,117.19377906207296,2.3968629121727014,0.0
41.96776839871214,35.180891553700214,119.92515353168119,4.63868943803271,0.0
51.017318179336115,28.801091443156192,92.33343412216652,4.93581583871118,0.0
46.21824627357849,30.67405417725566,94.5044286409142,3.989401780071087,0.0
42.888731452011626,32.79777249561927,108.59587886979801,4.484781606191757,0.0
46.76713557878737,25.744902801200904,96.12869350210485,6.5301951988633515,0.0
44.592259981928024,24.717573564057673,99.54588782067762,5.6649271623017405,0.0
58.43570817536282,25.423031056289716,100.2538842054241,4.0754358856219,0.0
54.408198784747256,33.78775231028155,80.80326843802344,3.402400830404568,0.0
49.960136793416915,28.34442556232266,99.86162253905762,4.672982682390229,0.0
37.745234348443915,43.14239489156643,68.17905177234577,6.845497668890105,1.0
50.386841538238095,28.307257204027835,95.06877177600228,5.496199187363317,0.0
45.693578993358685,30.553653909591112,114.43632003468814,4.464683287432341,0.0
57.61562038634828,34.626329857703624,87.43493105720744,5.511499575361862,0.0
52.694550218423295,36.01827866447737,108.13205186747977,6.93515404006023,0.0
44.81376922836772,36.18451072990919,97.21037069668192,5.815501022444263,0.0
49.04830660958196,33.62509869177943,97.20239831504166,4.951911492669227,0.0
45.62190873307621,33.072187577434384,107.90371896051711,4.8168495289467055,0.0
43.08600134517832,31.77758084760355,103.4005129456889,4.6433268658201285,0.0
54.630887737658206,32.33508322849991,105.70612997219531,6.180640912452144,0.0
59.54708320235065,28.346442851014398,109.68184660532862,4.372686554048697,0.0
43.00716213090429,27.54540334973308,96.68691616816677,5.045222708999982,0.0
52.81484618345286,29.989876627767146,93.8776326549225,5.0511979018810855,0.0
46.746787154390866,29.489446132425215,89.14849473442202,4.498215807188468,0.0
47.56437308117652,28.640315852018176,91.74589470021044,3.627534452115899,0.0
47.03803037880566,32.089162342370145,129.49094425308726,5.322974503617668,0.0
45.68004615160092,32.86591562571153,112.44679580736786,4.938996028144617,0.0
50.24260813972413,30.265220658875542,86.48925633791978,5.500240469436569,0.0
45.845249417944814,34.432590243165784,86.7754204325643,4.466399693560833,0.0
51.35228412889919,26.574932657599483,104.81866061718492,6.220821298813048,0.0
30.653165178951305,37.396095630261385,80.61379191188354,8.321064316509352,1.0
48.80525976566795,27.849533038191584,105.48883835317365,6.712040284017893,0.0
45.46218168979201,24.400390148780822,97.45044206446302,3.2523634901717386,0.0
47.116143347158335,29.7519579424719,98.745457399971,5.434770064556891,0.0
53.77695612912878,29.63475747485015,103.27879524159357,5.475430682526623,0.0
52.504585938121906,34.540349229726395,100.85893006293331,4.204442932059118,0.0
45.11222377600724,31.892435053664332,77.80699627252466,5.424393937861012,0.0
37.96828752024324,32.52933027454006,70.37981163112585,11.233246358888497,1.0
53.75693561685895,35.562277699002564,91.48593565739687,2.7831811606459356,0.0
41.652973594393146,33.663101086576056,101.75211418908512,5.5027448074908145,0.0
52.71680096189967,31.746293110405848,129.8525900260341,2.5067291796699225,0.0
29.312566790999544,34.6036754903383,79.24787963506868,6.286974230008086,1.0
52.852993342965796,27.12168228982956,96.86470313827603,6.629166364900945,0.0
46.18370421728741,28.88337967178684,109.21801501977252,4.418217966607946,0.0
40.9755894966774,33.26624585911256,104.82687887209212,3.8261200355910274,0.0
41.862287810584185,35.65375891780383,104.20094490451841,4.802062271015318,0.0
50.24042473330691,34.62973058481657,106.06850593215671,7.067906338163552,0.0
51.29861250860741,28.533451734641176,120.56543564829542,3.168317752793974,0.0
45.47841687447796,26.641147700132965,88.69111564674084,3.9486900883606557,0.0
53.19296229388687,30.422658740733613,104.73632076811454,6.497431683179626,0.0
41.6923996886552,24.694681903311444,90.73618870018461,6.857702343537732,0.0
49.669601006763415,30.969503142554345,105.55512646342248,4.896568775709716,0.0
43.94491900118771,29.557192241103994,90.81313488513905,3.7609472974733578,0.0
46.7408194609892,28.601890494395274,95.82633186394915,7.095843501809159,0.0
50.23699335658207,25.215890798199613,97.04910085762094,6.5944423917491966,0.0
45.69793317358024,31.54080031970915,109.7581671934471,5.678946987762233,0.0
48.077222278850876,28.401897481014267,109.18454443942414,4.18759765106258,0.0
55.0314640460722,26.490249492869136,87.54282623553615,4.950970659161963,0.0
47.115540652384254,21.383213360155054,100.5493411099985,4.839639918955169,0.0
54.17846056032571,29.917455284848092,92.90420145250827,5.330851304615578,0.0
44.35146572671191,35.316754790009234,87.41495089324665,6.451001438131336,0.0
52.64902088957641,34.983777643643606,97.8298294957563,5.879417041137403,0.0
57.207843103289505,28.628711230241183,96.9151721154418,3.9226239230152418,0.0
37.641777499363556,28.19336381891466,124.26716486345522,6.376496450019538,0.0
46.015523722647615,31.40632276822507,104.32959825360696,5.313132140013155,0.0
52.8853606359027,27.004843682435126,86.22382499245762,5.687065795858916,0.0
48.984773069785035,30.905375699458396,94.35225995829057,6.466540859278603,0.0
51.85572936685654,32.29824083515407,110.21383295429399,3.888419750486449,0.0
46.9800740664209,33.68079967165292,120.88442772869925,4.964174421293537,0.0
50.4329489373645,29.69953777056014,84.14016687762042,4.468545448640785,0.0
49.221613823039604,29.388978749469103,81.20075614860954,3.432140574634544,0.0
55.838910308299035,27.366052239730315,118.70965175371782,5.34670997760492,0.0
51.272104216506065,27.51935893788042,103.89614177370903,7.511556551584423,0.0
51.68801331037601,29.32056332429542,91.31707268123634,3.159922255494247,0.0
47.94061516938766,31.102096520448534,105.34629086122435,4.967719388950529,0.0
47.56196887963753,32.74075387869975,73.64252260983122,5.640542935074773,0.0
47.8372090609019,27.590463147958964,100.0337550659716,5.123078201656181,0.0
51.97226071189149,34.47806570687857,103.27821172843085,4.886871947484259,0.0
47.895077595898684,29.186629196872293,109.2427013953783,3.700783636554176,0.0
51.448874284482066,29.935898116954693,89.86104047707462,5.2327867429401635,0.0
60.37700399322719,27.75836496255653,100.8568716140336,4.243236022984074,0.0
54.35562351715846,22.727279219181177,90.74575373940412,2.8100782950214467,0.0
48.369882339160796,32.65213618908315,102.55383755674318,6.194592220513731,0.0
56.00606961081972,32.210531691277296,91.04653677636976,5.958385819842042,0.0
47.95962313489224,29.15601732864536,95.91899160839779,5.05166097685108,0.0
39.80937732411073,30.200972151674616,90.04184605209771,5.229074688205703,0.0
44.95956844541298,31.547817653112297,106.51136241823657,6.074318012715562,0.0
40.646040394870724,25.31236242934037,108.58451116656666,5.224339656778082,0.0
48.24243257979346,28.412841967961114,97.65379430042586,5.904017554761315,0.0
50.09209189594776,32.382794038865484,100.38237994960028,4.7025177991261495,0.0
58.382186561376415,26.23713173049225,85.51408585366455,6.311983738573947,0.0
51.63463686882081,30.880673796499888,97.00323351993212,5.320785725932684,0.0
48.90449735595568,25.930254586129784,99.49795382958256,5.194051943605874,0.0
54.14702790591745,31.39928994730058,126.20793091029975,3.729938911287968,0.0
38.944323454960575,29.89307555310755,88.88032974225837,5.286955854301708,0.0
51.17807279054283,25.154604552283473,114.64177238752437,4.168045082505548,0.0
42.852775994367164,43.29294667068136,84.53918328976481,6.840716321572957,1.0
42.60706877110079,27.796225269605852,102.80636404490136,4.184624371683879,0.0
55.71877021603464,27.569242688956855,117.58620484195134,3.933765068100775,0.0
51.69248203747207,30.60170759169283,103.72105472606863,7.124771403016961,0.0
47.923560430495996,33.44591204828615,103.89159195667929,6.331339061988404,0.0
53.163909330531425,26.952534543064807,99.46879346982455,6.920367502144261,0.0
61.35346428902198,30.185039549543916,112.23568882418627,3.7771049804444363,0.0
50.90933127529247,31.28644950099172,110.96469233810883,5.071253749910892,0.0
51.24110293150168,32.07931682178943,93.74322712503788,3.7064923747959044,0.0
47.70319550229878,30.529324665831677,86.80752805401232,4.304305122802936,0.0
45.75077815267604,28.89891648275003,97.97019362604343,4.081873016583425,0.0
54.15167908272123,27.51722933805384,91.99961435602353,6.239584006441562,0.0
45.719580870455665,30.258431649139123,99.36475425384644,4.60377032189824,0.0
50.35783118609696,26.78358296404318,112.37438134684139,6.068379333694017,0.0
47.61171276617441,21.235948549516177,95.4269834491321,5.604120889588518,0.0
34.77360292422871,37.14237197995935,75.01781713440484,10.52263544499609,1.0
51.668310526434745,32.711804523258586,100.58022734808395,3.520555776860276,0.0
55.1876997212895,22.911202693374484,108.48430882205284,6.2592332397867985,0.0
47.44991800572627,26.970807885870187,77.53110666015395,6.146440870400728,0.0
48.65062532353314,31.857462783015592,93.93299705234703,4.026621161972965,0.0
45.106181421088465,36.1724864091351,102.11283692279473,6.00713333647316,0.0
47.778533699619445,30.062381123026224,112.00078956426862,5.3361449630262285,0.0
51.88650246522426,27.815991176312597,95.08097552493795,4.7725237400465925,0.0
53.78494308322676,29.45131067668548,81.23447293958125,4.176064513028001,0.0
45.389173379111874,34.12462925744455,106.19711445966136,4.280890548550814,0.0
54.3480296005283,28.062107462626393,93.6463761117437,7.049812095785926,0.0
56.778189294024756,27.602423980049238,88.1033334090964,5.000682818957483,0.0
52.067174516118506,28.551769433453902,93.75654610286776,5.782130001531459,0.0
59.38397906279033,27.14001417522386,98.15474642344151,4.209100618332447,0.0
46.13105400448214,30.368010947984388,93.95255335461788,4.220147053778361,0.0
43.776726483442914,34.87403537540868,77.9443394290093,6.081984809249942,0.0
41.10639875547861,30.969237819348088,108.97066196887133,3.650423788448468,0.0
57.480221557445915,29.242939493621137,112.74875041278722,4.584786232094729,0.0
53.27182828177029,29.12456619325337,106.51521991339506,5.034027411072232,0.0
49.72207664544772,25.31042757391003,88.62314329575183,5.111372601840053,0.0
51.3998431315991,32.64932933144148,97.98508466052482,4.820906714983844,0.0
44.37255476350812,29.766488408961592,99.93478684770542,5.395819781095923,0.0
62.228759898084135,29.458560259228122,105.9879438956191,5.692855755817812,0.0
50.64610590987614,39.57932270353459,106.68340488718081,5.73463754545933,0.0
50.546973973024464,30.89625872509706,92.65826201221505,4.014196191332173,0.0
53.62883311949346,27.744626849714447,100.8199555641356,4.715844902071203,0.0
52.40504615868357,28.72092721138337,104.57280404615241,6.194762861876938,0.0
51.119420121395656,33.445337127590264,114.55822322146767,5.894647187573872,0.0
46.04762772277344,30.339811231613293,107.04506539824723,3.627140548518936,0.0
52.35734178567998,25.685166065047902,107.89056687375519,5.351479900352202,0.0
59.41012248237517,32.75768680372561,100.8382662792936,3.0217747506251897,0.0
56.72710023077489,27.995567743383017,114.10459145203504,5.04693490206037,0.0
57.965933133196984,35.61989332865264,104.09762795959497,6.897767016745977,0.0
27.80038927748421,39.84022476258091,61.86648075293057,8.092859347722136,1.0
45.0519758987071,28.658034313023748,114.0336997012519,4.165676954508418,0.0
49.37106539950176,33.84304908520534,106.97903272539028,5.76402978157286,0.0
50.27862456144347,30.20356653158221,95.56955978871518,3.457198484790354,0.0
55.47095759235474,32.55832102536666,95.20507032600757,4.367244970114961,0.0
41.5376768514259,31.454198451883425,102.96575545140762,5.596441137581753,0.0
57.64775159730307,27.46093003502738,104.63184795267584,4.365714152310597,0.0
49.20996050710505,28.069350503047612,101.97292265631206,4.7640300127890285,0.0
47.8655946502629,33.08988245274348,103.11308673442885,5.744185710315034,0.0
44.93947812369916,28.995674003680378,116.9995737457638,5.421546083536561,0.0
41.72571664067115,28.78905461027401,110.71543152234887,5.266818396295402,0.0
54.11585291980957,27.134632261951943,101.90635591265024,4.660877720729961,0.0
50.36658983594202,31.270797196780382,109.41310580767484,5.370061115268955,0.0
43.55019550129473,36.187574757729436,89.67476096472461,4.8762673199002435,0.0
43.52460613968192,26.797401257237183,103.97927049946809,5.457805609925785,0.0
48.32107650354936,30.072658370018274,118.0930634973311,4.503067974882022,0.0
58.34510762644696,34.23666166624629,97.81954104607627,4.817431025620459,0.0
48.702043243181976,29.761075826262854,91.52366071380915,4.010042207447986,0.0
42.48428523440947,31.3571153887492,93.4791111140694,4.964992389993764,0.0
48.77128467957028,26.81281941555936,89.10366962657612,4.188999136371155,0.0
48.63638215126165,31.284921291622947,92.15238091872297,3.885953549838007,0.0
36.515566785292144,29.438567204986352,96.2949190140997,5.258661147855388,0.0
49.72852566741094,32.95718998703959,85.94432980821358,5.21273977585766,0.0
48.84532734895661,33.56215815469425,100.15618333949602,5.782873734948573,0.0
53.48103182406709,37.76869092605584,109.02277173786648,4.568874430424901,0.0
59.244780474726724,31.738899519640725,90.9224381985308,5.408052846836756,0.0
55.632825147738785,30.977388949746498,115.19283923641768,5.550797572273663,0.0
48.65555654722585,30.583152904732007,105.10792088527595,5.444773807831595,0.0
44.46737045629165,28.940501121567934,110.30580585624057,4.174346317197858,0.0
62.8667990162493,31.01545153038507,93.42165446147862,5.149363482271189,0.0
50.29609217007244,29.11379576958291,108.54525227066615,5.364140296054662,0.0
50.06964645956473,30.505382928808842,89.08066099604687,5.007178466907942,0.0
49.87937456444998,33.95279260682388,108.90247500836509,2.9135223416289153,0.0
50.99042380383928,26.980372304161076,101.71839339793532,5.16048962397348,0.0
49.27819794038029,33.419635683387135,105.53251219984784,7.212531039397242,0.0
47.13168996559882,33.951345202019596,88.24405394375148,4.6399607312430176,0.0
47.26570529379804,29.645794419026764,91.04930157723395,4.271922902144679,0.0
49.83623364892001,23.634435302974218,105.97228218253385,5.373348559711398,0.0
47.282876144331176,28.176534038716703,90.51651995775799,5.312378210466572,0.0
46.43577108661418,33.89098363968333,104.63206292099123,6.192735165416415,0.0
50.53215113845948,29.931395813103354,86.32862193539754,3.742131844091112,0.0
48.72511391289572,27.002093303115267,108.48174212666669,5.731380252574993,0.0
57.51996494291345,28.48567523631535,87.67476685231492,5.590422061251464,0.0
36.74515095803494,32.52186007951366,105.52299937679523,4.857853463059454,0.0
55.45753425961231,31.640200704604137,106.25630933646,5.33868731792169,0.0
56.23042596248815,29.283203702490916,93.03228181570425,6.0294574815983575,0.0
39.63304883795925,28.899526764555937,105.82026567084726,5.87231538002845,0.0
48.28656202959826,28.824725552868536,102.60442263333556,3.8569806879262716,0.0
48.142795670021044,27.23276944650449,94.61158143807262,5.820158186755484,0.0
42.96244152641089,34.84612706840832,89.91445315923792,4.935311394967481,0.0
46.110916562045624,29.03303859236598,80.3737430832742,5.072874098015515,0.0
44.44712077267086,33.65147556247649,103.49650047299694,5.073196991001694,0.0
58.761352217118116,34.563948155767356,84.35197228637945,4.84975701120174,0.0
54.678391965737305,32.99493269444388,100.95344199441308,6.191707497107065,0.0
56.35777547497079,28.705139061845856,97.36551783917751,4.916282040150788,0.0
53.60836032021618,31.21119027100983,106.79142775438196,3.8804538716168313,0.0
44.354741143913856,29.92741318082725,96.97954500510136,4.606470144030271,0.0
47.37739866860113,27.288894417809615,96.70552213652908,5.178694716810476,0.0
52.44687280613959,30.97307784516481,107.31870704288295,6.22921478429705,0.0
43.88936095554027,26.462880626520594,103.35058029084118,5.603094684948833,0.0
53.56499215086194,33.56303816538469,103.16155957182778,4.149464721252956,0.0
48.79837300920933,28.606148108104822,104.69267589808527,7.485189916678891,0.0
48.12589596225201,30.603478967618518,84.64427876792894,5.26477531097798,0.0
53.554799841017456,30.849863614638426,107.56788679986983,6.275390737999015,0.0
52.2213165574302,29.22328507888777,106.12468794013603,4.848285566422771,0.0
48.1951691709046,31.760081404425826,89.83316871423503,5.53335924470545,0.0
55.79664901682124,28.575289030132428,97.55919526325799,5.839468504518405,0.0
44.59468336200051,32.61389189237173,99.6069271237237,6.218194711754256,0.0
53.07967803472132,25.962060959259755,98.65503215598267,6.057368305378225,0.0
52.96550628984192,30.379138738639234,103.33859966568535,5.872197000072978,0.0
48.45226780343005,35.81678699717485,114.31366781831184,4.684913268805891,0.0
51.63066511121059,26.999006026183274,110.81766727672829,4.428253958043939,0.0
43.74443211807348,27.966765088425447,86.87780806568594,5.332607510324197,0.0
54.6201350960345,31.541723548976744,106.22069990306049,5.933128072341069,0.0
49.075489317785056,30.538745345818793,113.28933319535409,4.777279299223393,0.0
47.3863848974048,31.051890297820677,103.86808520689203,6.065171965714386,0.0
55.245046129184445,31.46756139044299,110.90980425185967,6.452616745486179,0.0
46.4782815472862,31.90416440568531,120.12270445700764,4.08367908092658,0.0
42.957693518182204,33.32909952586867,110.23709546106981,4.16307929620372,0.0
42.21685413238048,31.229455970785537,102.49308595641729,4.859624941094664,0.0
53.0300497567282,29.276227036144373,110.45088474084753,5.307612668189196,0.0
43.597853237518585,32.017721103608196,101.44887833096891,4.475432986232949,0.0
58.77397090992182,35.699645804685645,100.23903043284956,6.352202678867144,0.0
39.59035296058139,29.60209876085228,96.48585764286267,5.424066861518451,0.0
58.48228184145019,27.076412085988075,115.63413358832108,5.039447048240739,0.0
51.055087336013095,33.32124200786092,91.81571334057999,3.5640904761314722,0.0
49.51643444064804,29.638856508139206,115.32367724678116,3.684184183572493,0.0
47.27540456595525,23.481991361957892,104.99864123740372,5.281009250281806,0.0
51.99568057176035,32.542265031451265,86.00693825198059,2.867404373845164,0.0
49.811826487875756,28.394015442138233,103.67649292991422,6.012637409644071,0.0
55.516509410082605,29.728400153087517,78.99973492348376,4.84184615562768,0.0
50.5711382433102,30.995940991707045,106.25508016831036,8.243092969594734,0.0
50.751508807309385,30.571499039337198,108.8523148298899,7.307916250616111,0.0
48.18193893893072,32.12835545141712,94.07644044347947,4.818550930752483,0.0
49.71527188139466,28.69354088829047,101.23547695955583,4.893662997468685,0.0
51.5390088444603,31.539317394528247,119.54157433750287,5.99558151400203,0.0
41.449158036716874,29.221359967248247,94.94253295738064,6.703172609918038,0.0
43.25907288947143,32.21643144266251,89.410924129434,3.361970942563983,0.0
53.71632047011357,31.846102452039162,114.81663402462598,3.213624534645313,0.0
50.85432719063971,27.193683893866215,119.62587190530795,4.377965194445618,0.0
49.0800833182366,33.257946348525095,100.03695671847848,5.582737583173865,0.0
50.09216966532696,28.392109664657855,110.11463035408356,5.496873590507597,0.0
51.737908526808354,32.424173394843436,113.41475915530881,6.06977145498385,0.0
47.30120159845319,31.10186194020402,92.57515767461616,3.8003024716346916,0.0
46.108476372988434,35.51455103038537,95.14694164632132,2.6838561370311234,0.0
50.97922627548841,29.329602052884443,112.30874513154735,5.858014195302145,0.0
45.10813611192484,28.952049611645407,116.85014278708509,4.171803727034765,0.0
52.04126377857236,29.941741182336802,105.62880860174354,2.981512135611362,0.0
41.4870819788108,29.090460651497175,91.20185646497946,5.145063745959382,0.0
55.14577818662822,32.39982570582615,119.87061111699441,5.793175688218677,0.0
37.98533686218393,33.299486150986255,74.49056169610007,7.539354310876832,1.0
51.28014867156938,26.838952742560938,96.64862218828549,4.542151613817511,0.0
54.91345491972757,26.79659123526242,103.42337834489622,4.840637767854093,0.0
58.32737222231288,32.85092277592073,115.54160420714774,4.629417237599217,0.0
55.07185032509065,35.131840117745774,108.53975976552223,3.651952888059833,0.0
40.795628843341774,29.686652344387586,104.1486550036191,4.285319323009568,0.0
43.60211516632149,29.49353483042997,104.63288530118106,5.521279905013815,0.0
46.875907111521606,30.210156489339543,100.43514668643466,5.3216785413765,0.0
30.768689609389114,43.41651889424304,80.40124165609987,9.947815955621962,1.0
52.58829510234561,27.217940597428278,74.70439922305697,4.00485151814662,0.0
46.37128093423267,30.715106948204355,97.03392540930201,4.818496837864333,0.0
50.93383382238539,32.925592889347286,102.4132193491678,2.8229349535571453,0.0
46.22308533823339,31.503282509819535,88.48985916380494,5.17847666388539,0.0
46.94241098504026,30.56874484979623,103.86323317811559,6.428857707813568,0.0
42.96669451575889,33.003138277701424,97.95528779013878,3.5258678679578943,0.0
45.38383376944548,21.89030312100229,117.5547569831549,4.414072326682245,0.0
43.241576971918334,32.03362595859272,115.73019725214857,5.32910677871013,0.0
45.12063373511334,28.03777295061773,95.34194430881837,6.252842634427484,0.0
55.2682089830392,24.50810130943063,98.49162288433304,4.551775383699851,0.0
45.25300555584028,31.53360779857494,99.26052434391607,4.307749670734104,0.0
63.161910324186955,34.120975635488875,95.48340523840378,3.031076857583917,0.0
52.466589504404446,29.587654456116926,101.95024984028127,5.103438129308106,0.0
50.92418061847437,32.858623641608816,92.4171793111241,7.042076040143744,0.0
45.70821109909393,34.83683477396593,88.69384665062474,5.277358461964676,0.0
53.501549397044954,33.94474336075214,106.22711223900268,4.977721020816286,0.0
47.12181086881113,34.91989358811418,106.29529584221811,5.3220823107669855,0.0
50.610049073226804,32.22638247321568,91.95684240340007,4.988907996051398,0.0
62.800422691343975,30.22630091670478,108.95355430762599,4.18698562773987,0.0
37.40538792138764,33.34419596740263,69.17292201036827,8.667133606336808,1.0
55.74636663142838,29.261812535610154,102.53165238037981,5.225761523111754,0.0
46.48411787437056,27.470260214051425,108.20344012612456,5.017613251933657,0.0
37.253534036424234,45.05574588133257,73.3835697072675,6.548988936371847,1.0
58.85400317817755,29.47234256270299,104.54740912141135,6.303507931934759,0.0
33.03683076337681,35.81159925608725,67.21209142405255,9.533564877883254,1.0
59.062242789984644,31.654456128121403,98.03533416571902,4.447079162632698,0.0
53.538759677277376,30.13080733911736,97.9414056911966,6.001824853681937,0.0
47.18766612052866,35.08515312129226,92.53421653459762,4.502429161614793,0.0
53.1620386952776,28.132051914796644,98.23225836884218,4.217996507488963,0.0
54.86277224813365,30.58382236571173,84.51381701136253,4.240296882519713,0.0
53.10904981108598,27.772588242905854,95.08846252857896,3.2289314469119086,0.0
42.14887640054772,26.03993246633788,97.15124506630329,5.471542380418206,0.0
46.364314120875655,28.164692727284145,97.4382024750462,3.16885512166165,0.0
48.762406822242475,29.888889608854765,97.58502554129221,3.7715561687342376,0.0
49.62783285449977,28.71209332644822,99.38235800139871,2.9244119909214668,0.0
53.10336048775339,27.92273706037843,104.79441518086064,4.913930307209107,0.0
50.88850500466627,25.781047608984498,108.74517074132523,4.849679539728128,0.0
43.323278206449494,29.750683282113915,93.50234773151733,4.673303786813636,0.0
51.90098925502981,25.485838877906993,87.96799144610856,3.9574223053294237,0.0
53.05292872641912,32.28016789106881,89.57955587756896,3.82776624656336,0.0
52.7989522396552,30.24731925880351,95.12797078805073,5.464369863546574,0.0
55.40390362777311,25.62734550160521,96.48078682183491,4.449448068291512,0.0
54.16961077274452,29.07237276885041,92.30003933802543,5.3163583215361445,0.0
52.29590039614219,27.743530783228252,87.03883335750106,4.114751313875778,0.0
49.649171442706766,30.957523531257543,95.43879172525811,5.181062742771083,0.0
41.69519533242004,34.02135133806944,101.81426620113972,6.303278037316064,0.0
52.14809109566293,24.374482591062765,105.95029465835565,5.586165800392783,0.0
51.03843843581556,30.34507823744225,94.42576946891678,4.58758618178352,0.0
51.35789418597687,29.51960161330008,95.87002177856566,5.257198970355927,0.0
43.61625712089845,32.014020229351395,90.73301691152689,4.759334825469787,0.0
44.59471729795869,30.639589884713068,99.68560829625224,5.007880184694728,0.0
55.26576426666452,27.744092004783543,91.51571365809185,4.674388947851496,0.0
49.802224230716725,29.042838193000147,105.731278132412,4.835664794114609,0.0
53.40750348686312,27.611922429589534,82.14133508065889,5.2120933530741755,0.0
50.14159188065231,33.228021415795794,96.40370327547538,4.00664130041805,0.0
50.14878069747873,30.063934946015827,103.01107339191742,3.9841211730100214,0.0
54.69141902987999,35.703572057259024,101.83834516322504,3.6114574461687887,0.0
28.261632877005695,34.901375311554304,105.00717891196146,8.037908065917875,1.0
50.48060388470492,27.87477969926861,103.49800024567908,3.782717307779521,0.0
47.68862355647479,25.45885682216152,89.9594540315799,5.159462506804129,0.0
47.827518862838424,24.590580971232164,99.04535752910927,4.107212484508116,0.0
48.454139382656805,25.24759217098353,82.23753666533548,5.513614464231097,0.0
51.110668858168566,30.80137995303445,99.1940025070324,5.034713748752562,0.0
47.60625689168261,31.526175069689803,91.66943942999241,3.0314957865619463,0.0
36.50439878582748,33.93660489603393,85.79983462063815,7.676251022544803,1.0
45.52696348890248,32.685114942228346,94.50459725404465,5.81079864559171,0.0
49.06564177919321,28.550816844949683,98.83234084204753,4.006137325165147,0.0
47.801344708629124,30.44037903595665,93.64442158595597,5.420191542894992,0.0
57.23488942176866,34.83666188476627,117.38851351853332,4.143501762590801,0.0
50.98277388255787,32.6905179475966,96.78757233882088,5.097670376748336,0.0
55.159222697343175,29.1944080562825,118.32557043479201,3.7355015930450346,0.0
42.57219813481514,27.32642332375414,108.14151762118266,3.206893547465423,0.0
35.00346458038857,32.759281208293075,82.7130362790548,6.945629908594013,1.0
54.44815397811718,27.842540042272738,103.68733147317519,4.876271053725164,0.0
37.307711055295925,36.44741401554771,78.07195560811692,7.096018481673401,1.0
55.32740187532676,27.038461418546447,80.72327420654389,3.8159694417774404,0.0
47.41355774949814,29.606229098723087,97.21116605849244,4.600100937868863,0.0
57.0467372009279,30.230555648876305,108.45157971184321,5.269294752580734,0.0
61.49449061809625,29.325432054575764,99.51102816525895,4.955106969877463,0.0
31.918273712378394,36.23650304021974,57.277985462858254,9.512965132320057,1.0
47.77248739299614,30.505964015900183,99.4759554942253,4.329884799545767,0.0
57.2669223855885,31.325821948708228,117.04105516255491,6.17171791471616,0.0
39.667824984184215,33.53650370648624,87.98806228251644,7.667325044210797,1.0
47.38569986423366,34.23279713923881,99.37995990633968,5.487560297086719,0.0
47.89906591452071,29.704235603147215,109.51449277058086,6.181891092959962,0.0
48.59107695569747,30.056548868834543,96.33492979631949,5.480908092748895,0.0
43.27774744482861,32.12464326976967,82.96128413173281,4.79747577293517,0.0
45.40674026757901,30.699648393790504,90.75534011870445,4.4717029533370205,0.0
44.97929616623966,32.85940990173974,115.62888768508198,6.036087651046256,0.0
46.16101217447936,30.861372495605472,97.26006918170695,3.577025074738327,0.0
49.82657556306609,28.162687876078685,97.56616020624982,4.029875739620357,0.0
51.1710736626826,31.084510575618303,97.00161803725119,4.6024422345082785,0.0
57.75250246407038,26.568821378038017,119.04136589573007,6.237653757511998,0.0
45.00822979630605,30.32567911732957,116.25958915362062,5.379767636040896,0.0
54.92161199238292,29.900310028066617,122.18780233448135,4.031954241489755,0.0
48.93005577887246,29.37564942818238,98.40954789599948,4.689692294615097,0.0
49.752681451737836,29.61438746568321,102.95624488747094,4.385676855903705,0.0
53.37409746083302,24.354452863507085,84.83357450579209,4.290211007766465,0.0
44.386389892188504,28.353825276777116,114.76934426118274,5.978889558556779,0.0
51.912048730920255,30.278534703423343,88.32220448732065,3.6282568707364944,0.0
50.83226104106528,30.4795691759922,102.16775563762629,6.6087808557343735,0.0
52.462256320040744,26.916974577222128,89.02697472367156,5.828229690184623,0.0
51.44584321953909,33.797123522594106,94.11133173261304,6.090861670603698,0.0
62.276500699554475,27.401475455356497,91.627375689503,4.537060487974742,0.0
46.81130007874342,32.908371601580214,93.92124739324183,4.850059280920891,0.0
47.34501522499091,31.281583085615054,94.60877296851021,3.566848185475288,0.0
46.88429736787618,28.06131807046859,94.51731205074923,4.475337592933197,0.0
47.22261440419873,35.32593267782853,108.33333911780306,5.493654847643151,0.0
46.81306436346741,26.41908950473056,88.9513720693748,6.296063061781396,0.0
55.94508265553776,32.75746252083,102.20541427013868,3.8928431831975483,0.0
57.102521239949276,33.00174695412893,112.17959152305559,4.634494063014734,0.0
47.146268531252616,27.988139372770064,94.86803635486604,4.848700779767477,0.0
45.838222134478855,34.177395900192984,92.82081109252398,3.604210797807515,0.0
52.35707778193202,29.24986045620314,97.69475374819748,5.5913492417584,0.0
47.23888477859514,30.866080887839573,111.7972520836071,4.276009668257391,0.0
53.164659088777555,30.780965516313664,101.94107630953357,4.804609648822976,0.0
51.0146151042565,29.597073775588356,94.68785705392402,4.548050628088122,0.0
42.42127942501384,32.432424819479344,104.8387665118804,4.210661494280326,0.0
57.737526006650306,32.38046616165664,88.97707850163576,4.9929550145194455,0.0
58.97938836547761,24.754404080285457,106.81359510442948,4.7843904214319775,0.0
46.93605654757807,33.91302072863446,104.08607307701767,4.628142117721334,0.0
36.42420262152837,32.54274749795216,71.59136238766405,8.747858065565543,1.0
51.429326953624525,33.09763861302497,91.61414201552769,5.319524670782956,0.0
51.67228394993513,33.38011541048275,91.13319077716542,6.653617268492285,0.0
53.29272136336415,26.727100709354406,105.3481733634591,5.139887232839127,0.0
60.05102269383175,28.767557136136247,112.28980502489063,5.996118214911129,0.0
49.11526386252975,26.682885994542193,93.62692252971205,3.6097780748465373,0.0
46.00851377730773,29.355236909133794,104.58386703551484,5.157761439293769,0.0
43.10340385992736,29.075897147442777,79.12972981397931,3.902631681028933,0.0
46.34534980029041,32.33898159680802,94.153822693428,3.5230750724680986,0.0
49.83436513563102,33.93092623835882,99.68941067129099,4.2606285925409635,0.0
58.97278931758894,34.18705143236987,90.90316583018166,6.191899334413573,0.0
47.41194350481914,28.313495920265094,90.63493625210404,5.950015828669645,0.0
51.11893975819449,29.372334378766418,93.32220443531114,5.243004722054399,0.0
49.917885519636236,24.94968542333715,102.92192728326373,3.467299440110069,0.0
55.94196636724042,27.582389800511432,98.12670981593625,4.803719348612063,0.0
62.63466212936811,32.89455489929237,77.61768766675027,5.301700008901736,0.0
47.3456561353984,34.8467484706447,78.79299847364933,5.175536229578598,0.0
47.552802787408886,26.296953384360233,93.93134822142825,3.1562064165192543,0.0
55.22080438534536,28.222607222541317,104.57686586053552,4.109682151980128,0.0
53.409457448131555,29.920782729123218,72.52495157274765,4.935922235851283,0.0
59.23353662868017,30.84048347645882,95.00269823848369,5.53629090951719,0.0
52.91964092662982,27.571189440235063,94.7375214348258,2.8038721789000536,0.0
48.203539546064704,31.272183133392268,113.88337778208448,4.837876024520142,0.0
52.95327415346155,28.57848195878725,96.14978188287137,5.143048769878952,0.0
55.54351790291454,29.956643187365163,103.82988984740929,5.849611988516213,0.0
54.10241090598682,31.6388527440111,101.41257140087463,5.692857584237437,0.0
52.53637015553649,30.019266809432814,78.694335201928,5.582571318808805,0.0
55.33337344794577,28.690842328420295,107.68207216631737,4.200059493298066,0.0
55.84647795222836,29.67117058822251,102.15396505456287,3.0919978628766924,0.0
56.91079495518763,29.734911122383995,105.0826863967459,4.606947242938599,0.0
53.24354943794821,28.889966910353618,139.26237706436325,6.00163182520856,0.0
49.16440959841573,29.223611811998694,79.15887060501412,6.393454527524431,0.0
50.733568432166614,34.79594151151415,117.24696649761108,5.710549102297786,0.0
56.03254483254179,31.682758343823718,97.12552480599645,5.429340822801734,0.0
45.91532164506382,29.11355904591252,102.87328904403009,5.379639648385965,0.0
51.84336654436451,32.09086321353221,99.54487754698758,4.443881253239219,0.0
48.0333059383632,28.99854153073197,95.75763666601956,4.86993970644638,0.0
50.143724114674086,33.519373912759924,94.30167071761241,6.669069525826331,0.0
56.39225931303649,31.108926576594282,103.29508735573009,4.057441994208124,0.0
50.95549534009952,29.678093567987315,84.8282630332832,6.614778790709852,0.0
50.23218274078074,31.343150777430832,107.50579167521765,4.677971845507941,0.0
43.200719295100406,25.287371543794503,95.83805595114745,6.325432109095079,0.0
53.731267830136105,26.619697593270583,88.69930660959642,3.5931849905024618,0.0
53.22742090570538,26.418224980802833,95.49987142004187,5.585904201164649,0.0
60.8162736165273,30.42882928429112,112.57149216862572,4.263229864052378,0.0
48.461108825234994,35.19754499845528,94.64664912983777,3.5847328080758123,0.0
51.0957516383197,36.6939004385779,103.5845361820962,5.218534042410946,0.0
51.246918418553776,31.914153304322273,92.69043724284526,6.0094717885959685,0.0
57.887266398817374,31.50253342483337,107.57921849923619,4.155058561406504,0.0
49.52352233806524,24.596826797541784,106.85507738790204,3.5009840395415988,0.0
51.3951076288517,28.371978600797934,118.48608833296412,4.908155235665045,0.0
53.0394825485827,27.636648744275284,98.24436054500785,4.912564671222819,0.0
50.93304561578179,28.13745720524665,106.68654804757907,5.548319627554498,0.0
47.76783192724736,29.495568544245632,100.98067539538944,5.949594571364488,0.0
50.970449964491536,28.58372826690862,112.95871781863015,4.940584818727506,0.0
55.36815874929886,24.062100568872637,92.81167612391269,6.855503314794263,0.0
34.58620844016546,38.11354929786929,83.29377530848126,7.960598132152084,1.0
50.66484837073438,26.78177092278058,98.05302703883318,4.6535734939931,0.0
46.499395925304135,30.71774059233345,99.35811822891502,3.388432640897172,0.0
55.97523314462421,36.222248009249924,100.91752484448372,4.737340479683832,0.0
42.384065476081126,27.241846225240728,102.52240396426677,4.663613054588864,0.0
47.20539076364206,22.40913743176101,98.83770956878041,5.96030479628147,0.0
51.8860593753226,29.14198733435967,102.14713183170527,5.462483624066854,0.0
57.827620146171704,33.302878904995715,115.78118057562185,3.820630878367383,0.0
49.67124869463506,35.87504236266178,109.85449685615218,5.172254386411037,0.0
47.22400236653401,26.31135121664275,108.69154592496896,5.671531171729053,0.0
59.40578534720295,31.490097669709566,95.44460473976129,6.528031359387833,0.0
42.75993049791878,28.60406862965984,91.10759171771676,5.88750396741406,0.0
39.00597021689959,29.682154937087592,109.55300558237752,5.760846654311478,0.0
52.200072250266665,37.933030041051104,108.76046792529795,5.0600859946151635,0.0
47.489728878236946,25.49108901481454,114.72670675750982,5.388312005423449,0.0
44.89383591434643,30.76121898448372,93.9601937403077,6.2495049007061585,0.0
53.541782236496765,31.403079515296298,97.70451344639653,3.6672226025203503,0.0
37.1670321431027,40.63002678793024,57.33713207409721,7.64330497012363,1.0
47.17960684631636,30.293949460412687,96.07528893939127,4.227431251243759,0.0
43.59847800664553,30.924151618512308,109.96570510579447,5.379153118726125,0.0
54.36228664140072,28.825054297734628,95.33504620771802,6.230222175650788,0.0
40.554705802121475,40.24035803124731,80.74628007790152,8.45720120492194,1.0
49.50412068110309,28.97042317350777,98.09496894002189,2.609695632530562,0.0
59.23318498023833,31.864715669568152,103.2405702822156,4.58777925497553,0.0
44.64957616836924,28.891168991869097,88.52308610184332,5.9134737320174064,0.0
42.372374145376305,31.131301181706558,100.852094496339,5.537629902949879,0.0
30.234106700762972,36.62333918283959,48.649878737094966,8.768808833411892,1.0
49.77206991822251,33.37815075231651,98.13103841838016,4.720006698125521,0.0
38.499521257631656,39.10372582932073,62.40146139318159,8.091219013694527,1.0
48.79381971071835,24.680902595379358,112.05994516546816,5.515294321624467,0.0
51.76027698257148,33.78576450214197,107.77407352764511,4.165718189965375,0.0
43.74230287904778,27.282803097412142,104.66670981966081,7.184096733380456,0.0
57.2188230203663,28.03870098405354,115.2100622715938,5.570507208354516,0.0
49.58924410803716,28.213016117869522,90.51083479175162,4.419351697446049,0.0
55.58647915794064,34.12331427951245,117.47363197915558,4.388614752611372,0.0
51.71362673188852,23.592977358063912,109.32191564260384,4.907055793386411,0.0
52.28376609576892,39.41324560097998,97.63444712781055,4.760498077978251,0.0
52.84883640116102,33.168170427198156,111.35620147182944,6.116833775529955,0.0
52.23854280008658,30.66971674238748,88.93706487588366,5.186416169744047,0.0
53.21361379933772,29.83531799815114,91.75485838472326,4.268368261091472,0.0
56.64576265066216,30.856662224572972,93.914102767603,6.890440685155783,0.0
50.98260584850735,31.563367285138014,94.71022291935985,5.049308331520223,0.0
53.54501878794256,31.935646757850172,89.43442357239748,5.768839675968897,0.0
49.55132152856387,31.666813398010344,112.23083067095325,4.391773492555241,0.0
57.200586077247365,30.268742043765748,97.41145599630168,5.3631156277445236,0.0
46.61803848970365,29.40798473907802,103.5250496835688,5.311109991143195,0.0
59.004702164554075,29.546180149039465,94.2964863358632,3.110350707903847,0.0
49.79921024677828,29.415275158941956,81.79396699451483,7.015275110460641,0.0
42.84612448940976,33.401310290601195,102.70057358391422,6.290644460922547,0.0
50.64052207455395,31.780670166842587,80.87745024580224,4.602804683854012,0.0
46.5947417126256,21.178834096007158,99.31365953914532,3.8977302595441445,0.0
54.20321774494362,31.967702329589283,86.3168496116719,5.347561613803552,0.0
28.540110075683458,37.63892134590687,90.70519996112061,7.72294141184653,1.0
47.7690828339261,29.943873730662308,109.11362722174722,5.355668948563229,0.0
40.552296345272346,28.83444464073334,101.0575379127148,5.19157739619409,0.0
47.73846840375462,33.37233815995804,112.63706677654669,5.506240989305926,0.0
37.88060336685522,32.84257938636857,91.53684022534264,6.447305699391807,0.0
42.08048588257138,27.68136699652917,105.43479378670094,5.568103205128646,0.0
53.80207328072149,31.221156861373604,101.99810433718713,3.9503445010900586,0.0
53.92900079325416,27.08502979637614,102.6402008133367,6.362562852712452,0.0
52.12728780892483,25.86114550563321,112.72353500106767,6.640614563488287,0.0
45.165119284353935,28.119848326230105,107.32492102779803,8.152056734512085,0.0
49.7614432192901,32.587180417148275,102.88723662825024,3.8765059667604023,0.0
37.330279892713605,39.94628984513062,56.26413297798908,8.476263847928413,1.0
44.20817655403729,31.53925626029188,90.39953704720537,2.9179012968110127,0.0
57.51699150883575,32.17528736054399,98.77291066404275,5.5531491563792095,0.0
54.386811452878355,31.548534861344876,100.93372374276652,4.451799701833227,0.0
48.89517913085168,28.075555214331143,88.69796275326075,6.9234457948249535,0.0
50.134429194972654,31.29576763402182,124.11676675578421,4.225385029981418,0.0
51.04191403973776,32.40122857568305,115.16394055253573,3.3108169620327383,0.0
39.791325657878545,32.26287398944072,106.02118320392483,4.528736259297481,0.0
48.764113087397014,33.56674011442393,100.72036861283745,3.0245122287828625,0.0
46.59007876001101,32.12491154160319,97.87791030098849,5.75109945450731,0.0
44.99189995052542,31.054344622624747,90.48081539977764,2.9349169537436794,0.0
48.594498535570224,33.21045071494928,100.77480518518863,5.028457581183159,0.0
58.988432634247616,29.92043622225282,102.57752540142751,2.922188180143803,0.0
53.20421430633505,27.354376046316847,87.58239424518376,4.679702195463358,0.0
47.144105051086015,29.510799108168708,103.34176417244898,6.643378155804534,0.0
52.86291390678079,27.765292065580653,98.44740951175251,5.360647891435795,0.0
